country_name,fiscal_year,usaid_totals
Algeria,2000.0,1696369
Algeria,2001.0,4678370
Algeria,2002.0,10008641
Algeria,2003.0,9894601
Algeria,2004.0,10618022
Algeria,2005.0,6266475
Algeria,2006.0,6411946
Algeria,2007.0,10812148
Algeria,2008.0,26320757
Algeria,2009.0,24412834
Algeria,2010.0,29248307
Algeria,2011.0,24495095
Algeria,2012.0,27660251
Algeria,2013.0,31771936
Algeria,2014.0,23366383
Angola,2000.0,149024154
Angola,2001.0,195654611
Angola,2002.0,320198429
Angola,2003.0,419605634
Angola,2004.0,324355719
Angola,2005.0,191986139
Angola,2006.0,174849493
Angola,2007.0,115585123
Angola,2008.0,132318340
Angola,2009.0,119275928
Angola,2010.0,184652878
Angola,2011.0,168446051
Angola,2012.0,171093451
Angola,2013.0,142496052
Angola,2014.0,130350762
Bahrain,2000.0,20815182
Bahrain,2001.0,17269106
Bahrain,2002.0,105741936
Bahrain,2003.0,252583562
Bahrain,2004.0,65858894
Bahrain,2005.0,66914384
Bahrain,2006.0,41987787
Bahrain,2007.0,56077850
Bahrain,2008.0,11611578
Bahrain,2009.0,22123769
Bahrain,2010.0,48131570
Bahrain,2011.0,108009572
Bahrain,2012.0,25341248
Bahrain,2013.0,32762224
Bahrain,2014.0,24976076
Benin,2000.0,29807023
Benin,2001.0,73609295
Benin,2002.0,77038282
Benin,2003.0,88838013
Benin,2004.0,75294027
Benin,2005.0,65813318
Benin,2006.0,52127789
Benin,2007.0,419514278
Benin,2008.0,74669048
Benin,2009.0,110842559
Benin,2010.0,163803282
Benin,2011.0,280088177
Benin,2012.0,136471642
Benin,2013.0,60815770
Benin,2014.0,76718356
Botswana,2000.0,1277610
Botswana,2001.0,7122559
Botswana,2002.0,21463683
Botswana,2003.0,40803183
Botswana,2004.0,40141871
Botswana,2005.0,80553831
Botswana,2006.0,77218246
Botswana,2007.0,305725917
Botswana,2008.0,438101259
Botswana,2009.0,373424974
Botswana,2010.0,191577474
Botswana,2011.0,148607692
Botswana,2012.0,137238433
Botswana,2013.0,163154032
Botswana,2014.0,115036051
British Indian Ocean Territory,2006.0,24524
Burkina Faso,2000.0,25631461
Burkina Faso,2001.0,40195749
Burkina Faso,2002.0,39244672
Burkina Faso,2003.0,37331374
Burkina Faso,2004.0,45406246
Burkina Faso,2005.0,52090428
Burkina Faso,2006.0,50188272
Burkina Faso,2007.0,58634286
Burkina Faso,2008.0,83418178
Burkina Faso,2009.0,641817220
Burkina Faso,2010.0,97836236
Burkina Faso,2011.0,104834727
Burkina Faso,2012.0,189565595
Burkina Faso,2013.0,270082064
Burkina Faso,2014.0,312157795
Burundi,2000.0,10395885
Burundi,2001.0,74746900
Burundi,2002.0,49487469
Burundi,2003.0,127149537
Burundi,2004.0,119461216
Burundi,2005.0,134501791
Burundi,2006.0,139187545
Burundi,2007.0,73970583
Burundi,2008.0,70370811
Burundi,2009.0,121672622
Burundi,2010.0,107786390
Burundi,2011.0,155727157
Burundi,2012.0,129786132
Burundi,2013.0,108333940
Burundi,2014.0,77603394
Cabo Verde,2000.0,8329987
Cabo Verde,2001.0,14358164
Cabo Verde,2002.0,15829161
Cabo Verde,2003.0,15763137
Cabo Verde,2004.0,18208154
Cabo Verde,2005.0,17956424
Cabo Verde,2006.0,163024924
Cabo Verde,2007.0,16369809
Cabo Verde,2008.0,23689618
Cabo Verde,2009.0,49838581
Cabo Verde,2010.0,43343040
Cabo Verde,2011.0,35487223
Cabo Verde,2012.0,17182801
Cabo Verde,2013.0,77071457
Cabo Verde,2014.0,11100127
Cameroon,2000.0,6034432
Cameroon,2001.0,13000110
Cameroon,2002.0,21117440
Cameroon,2003.0,44611083
Cameroon,2004.0,34266592
Cameroon,2005.0,31027245
Cameroon,2006.0,23962460
Cameroon,2007.0,15939430
Cameroon,2008.0,40568120
Cameroon,2009.0,63733920
Cameroon,2010.0,48550626
Cameroon,2011.0,42108159
Cameroon,2012.0,68479552
Cameroon,2013.0,67052398
Cameroon,2014.0,114233856
Central African Republic,2000.0,508625
Central African Republic,2001.0,1363960
Central African Republic,2002.0,3040767
Central African Republic,2003.0,1610419
Central African Republic,2004.0,4186224
Central African Republic,2005.0,3603671
Central African Republic,2006.0,9916118
Central African Republic,2007.0,43147911
Central African Republic,2008.0,39064405
Central African Republic,2009.0,41916041
Central African Republic,2010.0,34815068
Central African Republic,2011.0,33467912
Central African Republic,2012.0,41882035
Central African Republic,2013.0,120364196
Central African Republic,2014.0,173503360
Chad,2000.0,5831448
Chad,2001.0,16911371
Chad,2002.0,15488227
Chad,2003.0,18845166
Chad,2004.0,115301544
Chad,2005.0,194276593
Chad,2006.0,165270229
Chad,2007.0,191320225
Chad,2008.0,248712324
Chad,2009.0,447413608
Chad,2010.0,371311971
Chad,2011.0,303675913
Chad,2012.0,295618038
Chad,2013.0,234528505
Chad,2014.0,260894788
Comoros,2001.0,92211
Comoros,2002.0,62713
Comoros,2003.0,61087
Comoros,2004.0,337128
Comoros,2005.0,1449537
Comoros,2006.0,1405298
Comoros,2007.0,265896
Comoros,2008.0,1047176
Comoros,2009.0,940024
Comoros,2010.0,871546
Comoros,2011.0,1702483
Comoros,2012.0,762136
Comoros,2013.0,1010269
Comoros,2014.0,1235444
Cote D'Ivoire,2000.0,10567077
Cote D'Ivoire,2001.0,10049053
Cote D'Ivoire,2002.0,9196816
Cote D'Ivoire,2003.0,56423617
Cote D'Ivoire,2004.0,82271348
Cote D'Ivoire,2005.0,85878015
Cote D'Ivoire,2006.0,81786861
Cote D'Ivoire,2007.0,134646631
Cote D'Ivoire,2008.0,187362920
Cote D'Ivoire,2009.0,183440939
Cote D'Ivoire,2010.0,170359836
Cote D'Ivoire,2011.0,158045934
Cote D'Ivoire,2012.0,210494382
Cote D'Ivoire,2013.0,223145838
Cote D'Ivoire,2014.0,248200809
Democratic Republic of Congo,2000.0,46097093
Democratic Republic of Congo,2001.0,196837465
Democratic Republic of Congo,2002.0,192601979
Democratic Republic of Congo,2003.0,283085061
Democratic Republic of Congo,2004.0,284871923
Democratic Republic of Congo,2005.0,291396263
Democratic Republic of Congo,2006.0,386905837
Democratic Republic of Congo,2007.0,345098451
Democratic Republic of Congo,2008.0,527791705
Democratic Republic of Congo,2009.0,718455170
Democratic Republic of Congo,2010.0,736364828
Democratic Republic of Congo,2011.0,632803566
Democratic Republic of Congo,2012.0,758876576
Democratic Republic of Congo,2013.0,756969167
Democratic Republic of Congo,2014.0,824295157
Djibouti,2000.0,5896709
Djibouti,2001.0,6123822
Djibouti,2002.0,9382553
Djibouti,2003.0,52005390
Djibouti,2004.0,52791748
Djibouti,2005.0,27931723
Djibouti,2006.0,30645524
Djibouti,2007.0,30405213
Djibouti,2008.0,24720061
Djibouti,2009.0,24896938
Djibouti,2010.0,37812653
Djibouti,2011.0,66558289
Djibouti,2012.0,31064921
Djibouti,2013.0,27720810
Djibouti,2014.0,46151327
East and South Africa Region,2003.0,1145189
East and South Africa Region,2004.0,2603998
East and South Africa Region,2005.0,2090888
Eastern Africa Region,2000.0,11651584
Eastern Africa Region,2001.0,1439992
Eastern Africa Region,2002.0,1635137
Eastern Africa Region,2003.0,3082952
Eastern Africa Region,2004.0,3360832
Eastern Africa Region,2005.0,2624036
Eastern Africa Region,2006.0,2581779
Eastern Africa Region,2007.0,42692710
Eastern Africa Region,2008.0,61592749
Eastern Africa Region,2009.0,98428273
Eastern Africa Region,2010.0,154829525
Eastern Africa Region,2011.0,150974431
Eastern Africa Region,2012.0,132953663
Eastern Africa Region,2013.0,125975336
Eastern Africa Region,2014.0,157608733
Eastern and Central Africa Region,2012.0,226340
Egypt,2000.0,2935724749
Egypt,2001.0,5280043595
Egypt,2002.0,6366090137
Egypt,2003.0,5230741481
Egypt,2004.0,5439022210
Egypt,2005.0,4677518940
Egypt,2006.0,4089952214
Egypt,2007.0,4816564450
Egypt,2008.0,3923966896
Egypt,2009.0,4622156094
Egypt,2010.0,3663154991
Egypt,2011.0,3362621386
Egypt,2012.0,3173398632
Egypt,2013.0,3407959585
Egypt,2014.0,303807714
Equatorial Guinea,2001.0,852326
Equatorial Guinea,2002.0,163180
Equatorial Guinea,2003.0,600882
Equatorial Guinea,2004.0,336010
Equatorial Guinea,2005.0,494812
Equatorial Guinea,2006.0,153280
Equatorial Guinea,2007.0,59688
Equatorial Guinea,2008.0,31906
Equatorial Guinea,2009.0,382926
Equatorial Guinea,2010.0,286924
Equatorial Guinea,2011.0,193782
Equatorial Guinea,2012.0,722158
Equatorial Guinea,2013.0,445605
Equatorial Guinea,2014.0,356965
Eritrea,2000.0,55501655
Eritrea,2001.0,153131096
Eritrea,2002.0,98003725
Eritrea,2003.0,234731317
Eritrea,2004.0,221125242
Eritrea,2005.0,235797366
Eritrea,2006.0,23081320
Eritrea,2007.0,5520512
Eritrea,2008.0,3831376
Eritrea,2009.0,4138835
Eritrea,2010.0,-2035773
Eritrea,2011.0,-735771
Eritrea,2012.0,-375209
Eritrea,2013.0,-2146403
Eritrea,2014.0,-1182621
Eswatini,2000.0,260181
Eswatini,2001.0,628395
Eswatini,2002.0,672541
Eswatini,2003.0,3704347
Eswatini,2004.0,6473905
Eswatini,2005.0,7109264
Eswatini,2006.0,6487791
Eswatini,2007.0,14803135
Eswatini,2008.0,25355187
Eswatini,2009.0,38752229
Eswatini,2010.0,68104004
Eswatini,2011.0,76387346
Eswatini,2012.0,103407418
Eswatini,2013.0,92038802
Eswatini,2014.0,96728506
Ethiopia,2000.0,392510438
Ethiopia,2001.0,473690856
Ethiopia,2002.0,397054255
Ethiopia,2003.0,1387015169
Ethiopia,2004.0,979060639
Ethiopia,2005.0,1580547489
Ethiopia,2006.0,769936813
Ethiopia,2007.0,953218359
Ethiopia,2008.0,1981038277
Ethiopia,2009.0,1823262752
Ethiopia,2010.0,1929994151
Ethiopia,2011.0,1551684212
Ethiopia,2012.0,1746109058
Ethiopia,2013.0,1537643979
Ethiopia,2014.0,1509145602
Gabon,2000.0,4283088
Gabon,2001.0,6573927
Gabon,2002.0,6591906
Gabon,2003.0,9115034
Gabon,2004.0,8383017
Gabon,2005.0,6164400
Gabon,2006.0,4142903
Gabon,2007.0,4378389
Gabon,2008.0,1492054
Gabon,2009.0,3342225
Gabon,2010.0,5416342
Gabon,2011.0,4657896
Gabon,2012.0,8652473
Gabon,2013.0,12491134
Gabon,2014.0,14709340
Gambia,2000.0,6237838
Gambia,2001.0,7631585
Gambia,2002.0,5921944
Gambia,2003.0,9204192
Gambia,2004.0,8832252
Gambia,2005.0,5894547
Gambia,2006.0,10700780
Gambia,2007.0,4513312
Gambia,2008.0,28755990
Gambia,2009.0,12223939
Gambia,2010.0,15289567
Gambia,2011.0,7610217
Gambia,2012.0,6424799
Gambia,2013.0,5521768
Gambia,2014.0,4468448
Ghana,2000.0,94401322
Ghana,2001.0,173679878
Ghana,2002.0,185792277
Ghana,2003.0,206551827
Ghana,2004.0,218478030
Ghana,2005.0,180597967
Ghana,2006.0,198829295
Ghana,2007.0,797285595
Ghana,2008.0,175442646
Ghana,2009.0,269269743
Ghana,2010.0,370412628
Ghana,2011.0,487280955
Ghana,2012.0,468244649
Ghana,2013.0,311037409
Ghana,2014.0,326387247
Guinea,2000.0,51898951
Guinea,2001.0,170761158
Guinea,2002.0,106981935
Guinea,2003.0,136395662
Guinea,2004.0,151912769
Guinea,2005.0,125114201
Guinea,2006.0,87016418
Guinea,2007.0,80792731
Guinea,2008.0,55004469
Guinea,2009.0,79513296
Guinea,2010.0,52790603
Guinea,2011.0,54271787
Guinea,2012.0,64012469
Guinea,2013.0,65550211
Guinea,2014.0,65807884
Guinea-Bissau,2000.0,415725
Guinea-Bissau,2001.0,2058196
Guinea-Bissau,2002.0,8191998
Guinea-Bissau,2003.0,6264737
Guinea-Bissau,2004.0,279128
Guinea-Bissau,2005.0,36585089
Guinea-Bissau,2006.0,13145141
Guinea-Bissau,2007.0,15133381
Guinea-Bissau,2008.0,2136557
Guinea-Bissau,2009.0,3702542
Guinea-Bissau,2010.0,16812381
Guinea-Bissau,2011.0,5234344
Guinea-Bissau,2012.0,28722133
Guinea-Bissau,2013.0,9864366
Guinea-Bissau,2014.0,3505962
Iran,2001.0,96712
Iran,2002.0,615310
Iran,2003.0,2337652
Iran,2004.0,19185517
Iran,2005.0,6937354
Iran,2006.0,6815734
Iran,2007.0,7933056
Iran,2008.0,6653739
Iran,2009.0,1635520
Iran,2010.0,3162472
Iran,2011.0,2934827
Iran,2012.0,2098828
Iran,2013.0,1264746
Iran,2014.0,2193974
Iraq,2000.0,1746323
Iraq,2001.0,459518
Iraq,2002.0,2865242
Iraq,2003.0,6178822201
Iraq,2004.0,16217649219
Iraq,2005.0,21841863131
Iraq,2006.0,21818743621
Iraq,2007.0,18340253625
Iraq,2008.0,17125708818
Iraq,2009.0,14260076591
Iraq,2010.0,6601379368
Iraq,2011.0,5183466618
Iraq,2012.0,4314047797
Iraq,2013.0,1553047286
Iraq,2014.0,869866791
Israel,2000.0,5462946470
Israel,2001.0,7938016232
Israel,2002.0,7667243394
Israel,2003.0,10022137379
Israel,2004.0,7091313631
Israel,2005.0,6804288517
Israel,2006.0,6248821101
Israel,2007.0,5966927541
Israel,2008.0,5688050996
Israel,2009.0,5608010121
Israel,2010.0,6493763715
Israel,2011.0,6847098045
Israel,2012.0,7065601334
Israel,2013.0,6509953764
Israel,2014.0,6639931090
Jordan,2000.0,633957455
Jordan,2001.0,657627244
Jordan,2002.0,811809740
Jordan,2003.0,4547096359
Jordan,2004.0,1592850970
Jordan,2005.0,1674755989
Jordan,2006.0,1120435046
Jordan,2007.0,982999316
Jordan,2008.0,1417104490
Jordan,2009.0,1853581698
Jordan,2010.0,1682020402
Jordan,2011.0,1749245848
Jordan,2012.0,2259546322
Jordan,2013.0,2409784345
Jordan,2014.0,2425184183
Kenya,2000.0,132222805
Kenya,2001.0,289894147
Kenya,2002.0,275810392
Kenya,2003.0,300187652
Kenya,2004.0,384215908
Kenya,2005.0,510625508
Kenya,2006.0,756738154
Kenya,2007.0,880268956
Kenya,2008.0,1011000575
Kenya,2009.0,1591845780
Kenya,2010.0,1319695933
Kenya,2011.0,1792905169
Kenya,2012.0,1984716728
Kenya,2013.0,2032331771
Kenya,2014.0,1871222051
Kuwait,2005.0,2554750
Kuwait,2006.0,1600207
Kuwait,2007.0,2962217
Kuwait,2008.0,22848
Kuwait,2009.0,189104
Kuwait,2010.0,519016
Kuwait,2012.0,488935
Kuwait,2013.0,182441
Kuwait,2014.0,98143
Lebanon,2000.0,49428653
Lebanon,2001.0,104169107
Lebanon,2002.0,61858635
Lebanon,2003.0,134061372
Lebanon,2004.0,84519467
Lebanon,2005.0,81866021
Lebanon,2006.0,326842320
Lebanon,2007.0,322502464
Lebanon,2008.0,602312617
Lebanon,2009.0,489331885
Lebanon,2010.0,279521879
Lebanon,2011.0,445247827
Lebanon,2012.0,698874251
Lebanon,2013.0,629490020
Lebanon,2014.0,679842834
Lesotho,2000.0,2919966
Lesotho,2001.0,5720064
Lesotho,2002.0,5799482
Lesotho,2003.0,6931790
Lesotho,2004.0,11871702
Lesotho,2005.0,8938820
Lesotho,2006.0,7335232
Lesotho,2007.0,73229610
Lesotho,2008.0,441194407
Lesotho,2009.0,62176333
Lesotho,2010.0,91423778
Lesotho,2011.0,152207113
Lesotho,2012.0,173867721
Lesotho,2013.0,229853171
Lesotho,2014.0,114729902
Liberia,2000.0,31719421
Liberia,2001.0,93810784
Liberia,2002.0,38307979
Liberia,2003.0,110504363
Liberia,2004.0,243128765
Liberia,2005.0,351712134
Liberia,2006.0,317274168
Liberia,2007.0,402323160
Liberia,2008.0,393248232
Liberia,2009.0,348956013
Liberia,2010.0,373862264
Liberia,2011.0,444318239
Liberia,2012.0,451615464
Liberia,2013.0,426812732
Liberia,2014.0,485241573
Libya,2004.0,104330
Libya,2005.0,323208
Libya,2006.0,61584304
Libya,2007.0,9977055
Libya,2008.0,27937815
Libya,2009.0,18873973
Libya,2010.0,38590649
Libya,2011.0,368940941
Libya,2012.0,236580744
Libya,2013.0,112174247
Libya,2014.0,74921218
Madagascar,2000.0,38758058
Madagascar,2001.0,119128686
Madagascar,2002.0,109778213
Madagascar,2003.0,123611686
Madagascar,2004.0,111910556
Madagascar,2005.0,254594215
Madagascar,2006.0,133094743
Madagascar,2007.0,162699535
Madagascar,2008.0,171784270
Madagascar,2009.0,157180791
Madagascar,2010.0,141941596
Madagascar,2011.0,185970494
Madagascar,2012.0,139859750
Madagascar,2013.0,111460783
Madagascar,2014.0,133353946
Malawi,2000.0,62817450
Malawi,2001.0,87683991
Malawi,2002.0,167221868
Malawi,2003.0,148921676
Malawi,2004.0,156939234
Malawi,2005.0,149101115
Malawi,2006.0,189573397
Malawi,2007.0,209365589
Malawi,2008.0,222780597
Malawi,2009.0,265229918
Malawi,2010.0,332968445
Malawi,2011.0,364063337
Malawi,2012.0,399261209
Malawi,2013.0,865604128
Malawi,2014.0,467817154
Mali,2000.0,61811842
Mali,2001.0,109158701
Mali,2002.0,134318011
Mali,2003.0,111340922
Mali,2004.0,152805961
Mali,2005.0,153563116
Mali,2006.0,160683441
Mali,2007.0,699325151
Mali,2008.0,135221714
Mali,2009.0,239497129
Mali,2010.0,375748603
Mali,2011.0,453918811
Mali,2012.0,733127116
Mali,2013.0,414009462
Mali,2014.0,384403068
Mauritania,2000.0,5433398
Mauritania,2001.0,19481814
Mauritania,2002.0,16194851
Mauritania,2003.0,47883883
Mauritania,2004.0,27372283
Mauritania,2005.0,57912045
Mauritania,2006.0,30440328
Mauritania,2007.0,26793117
Mauritania,2008.0,51801191
Mauritania,2009.0,36683659
Mauritania,2010.0,29442827
Mauritania,2011.0,99109556
Mauritania,2012.0,70576557
Mauritania,2013.0,111589049
Mauritania,2014.0,43867997
Mauritius,2000.0,535916
Mauritius,2001.0,557347
Mauritius,2002.0,1694240
Mauritius,2003.0,1152683
Mauritius,2004.0,1138993
Mauritius,2005.0,3200731
Mauritius,2006.0,1975348
Mauritius,2007.0,2989841
Mauritius,2008.0,612713
Mauritius,2009.0,1033530
Mauritius,2010.0,1202664
Mauritius,2011.0,2791163
Mauritius,2012.0,1233829
Mauritius,2013.0,1538080
Mauritius,2014.0,2730120
Middle East Region,2000.0,598424
Middle East Region,2001.0,23728
Middle East Region,2002.0,22344498
Middle East Region,2003.0,22673210
Middle East Region,2004.0,16350392
Middle East Region,2005.0,54023002
Middle East Region,2006.0,47538939
Middle East Region,2007.0,52562180
Middle East Region,2008.0,57696199
Middle East Region,2009.0,59742847
Middle East Region,2010.0,149996286
Middle East Region,2011.0,65431125
Middle East Region,2012.0,66395697
Middle East Region,2013.0,72781735
Middle East Region,2014.0,83673742
Middle East and North Africa Region,2000.0,169392416
Middle East and North Africa Region,2001.0,315442854
Middle East and North Africa Region,2002.0,325353677
Middle East and North Africa Region,2003.0,406602674
Middle East and North Africa Region,2004.0,366081141
Middle East and North Africa Region,2005.0,374188378
Middle East and North Africa Region,2006.0,157453947
Middle East and North Africa Region,2007.0,369446130
Middle East and North Africa Region,2008.0,527432461
Middle East and North Africa Region,2009.0,652397760
Middle East and North Africa Region,2010.0,1019026500
Middle East and North Africa Region,2011.0,565108978
Middle East and North Africa Region,2012.0,404370858
Middle East and North Africa Region,2013.0,240116365
Middle East and North Africa Region,2014.0,644461097
Morocco,2000.0,72273173
Morocco,2001.0,84470134
Morocco,2002.0,74948552
Morocco,2003.0,112731270
Morocco,2004.0,100259855
Morocco,2005.0,114422358
Morocco,2006.0,125217213
Morocco,2007.0,205765290
Morocco,2008.0,907879000
Morocco,2009.0,131967836
Morocco,2010.0,182982716
Morocco,2011.0,336497383
Morocco,2012.0,359926745
Morocco,2013.0,365080221
Morocco,2014.0,192454544
Mozambique,2000.0,116082997
Mozambique,2001.0,446944644
Mozambique,2002.0,349150501
Mozambique,2003.0,317636294
Mozambique,2004.0,302845645
Mozambique,2005.0,246110221
Mozambique,2006.0,301480532
Mozambique,2007.0,455811659
Mozambique,2008.0,1126034166
Mozambique,2009.0,626547516
Mozambique,2010.0,674092631
Mozambique,2011.0,621638052
Mozambique,2012.0,862442163
Mozambique,2013.0,913130376
Mozambique,2014.0,825924095
Namibia,2000.0,21938166
Namibia,2001.0,37946454
Namibia,2002.0,39311503
Namibia,2003.0,90923748
Namibia,2004.0,80913483
Namibia,2005.0,99680434
Namibia,2006.0,130311216
Namibia,2007.0,165009387
Namibia,2008.0,215928232
Namibia,2009.0,542504923
Namibia,2010.0,236238587
Namibia,2011.0,226365927
Namibia,2012.0,276219280
Namibia,2013.0,249973113
Namibia,2014.0,245751142
Niger,2000.0,8865775
Niger,2001.0,31507859
Niger,2002.0,41933793
Niger,2003.0,41751226
Niger,2004.0,51782488
Niger,2005.0,62956071
Niger,2006.0,80301402
Niger,2007.0,94008658
Niger,2008.0,99832663
Niger,2009.0,100453970
Niger,2010.0,258638577
Niger,2011.0,198894115
Niger,2012.0,275347106
Niger,2013.0,205448977
Niger,2014.0,233162740
Nigeria,2000.0,159250852
Nigeria,2001.0,205857681
Nigeria,2002.0,227236502
Nigeria,2003.0,254126635
Nigeria,2004.0,273272046
Nigeria,2005.0,335744889
Nigeria,2006.0,420597069
Nigeria,2007.0,650141204
Nigeria,2008.0,878593689
Nigeria,2009.0,877431544
Nigeria,2010.0,955621037
Nigeria,2011.0,929085762
Nigeria,2012.0,1023599119
Nigeria,2013.0,1227505261
Nigeria,2014.0,1237715706
North Africa Region,2002.0,163176
North Africa Region,2006.0,2820356
North Africa Region,2007.0,2414232
North Africa Region,2008.0,12906433
North Africa Region,2009.0,3370332
North Africa Region,2010.0,6477130
North Africa Region,2011.0,7024050
North Africa Region,2012.0,245202
North Africa Region,2013.0,5531554
North Africa Region,2014.0,4257181
Oman,2000.0,2147908
Oman,2001.0,1779554
Oman,2002.0,200858756
Oman,2003.0,218002404
Oman,2004.0,67031820
Oman,2005.0,64550748
Oman,2006.0,45995713
Oman,2007.0,46102388
Oman,2008.0,36332857
Oman,2009.0,38594621
Oman,2010.0,31994664
Oman,2011.0,44747887
Oman,2012.0,31068057
Oman,2013.0,28140673
Oman,2014.0,28169761
Palestine,2000.0,172556562
Palestine,2001.0,418704561
Palestine,2002.0,470558135
Palestine,2003.0,503534314
Palestine,2004.0,394660053
Palestine,2005.0,701917924
Palestine,2006.0,310934038
Palestine,2007.0,413185408
Palestine,2008.0,1011455891
Palestine,2009.0,2265524638
Palestine,2010.0,1464823523
Palestine,2011.0,1454396261
Palestine,2012.0,885452607
Palestine,2013.0,1961830429
Palestine,2014.0,940002712
Qatar,2003.0,106482
Qatar,2004.0,397
Qatar,2005.0,3614705
Qatar,2006.0,2749465
Qatar,2007.0,2281047
Qatar,2008.0,947658
Qatar,2009.0,5200056
Qatar,2010.0,3677675
Qatar,2011.0,1070
Qatar,2012.0,272505
Qatar,2013.0,5421
Qatar,2014.0,3292
Republic of Congo,2000.0,10753700
Republic of Congo,2001.0,8858853
Republic of Congo,2002.0,8708535
Republic of Congo,2003.0,13108869
Republic of Congo,2004.0,16446478
Republic of Congo,2005.0,7357701
Republic of Congo,2006.0,36896889
Republic of Congo,2007.0,28367427
Republic of Congo,2008.0,5524923
Republic of Congo,2009.0,10307972
Republic of Congo,2010.0,35106773
Republic of Congo,2011.0,10073141
Republic of Congo,2012.0,30550390
Republic of Congo,2013.0,11431248
Republic of Congo,2014.0,9895842
Rwanda,2000.0,55089313
Rwanda,2001.0,102950944
Rwanda,2002.0,127868213
Rwanda,2003.0,134403016
Rwanda,2004.0,132077032
Rwanda,2005.0,191248491
Rwanda,2006.0,197051709
Rwanda,2007.0,256811959
Rwanda,2008.0,254684346
Rwanda,2009.0,334662712
Rwanda,2010.0,358320602
Rwanda,2011.0,397445275
Rwanda,2012.0,390568070
Rwanda,2013.0,353606811
Rwanda,2014.0,365689170
Sao Tome and Principe,2000.0,63631
Sao Tome and Principe,2001.0,1332715
Sao Tome and Principe,2002.0,480553
Sao Tome and Principe,2003.0,1828050
Sao Tome and Principe,2004.0,2746274
Sao Tome and Principe,2005.0,1121030
Sao Tome and Principe,2006.0,1997635
Sao Tome and Principe,2007.0,848186
Sao Tome and Principe,2008.0,21535046
Sao Tome and Principe,2009.0,1419465
Sao Tome and Principe,2010.0,1386700
Sao Tome and Principe,2011.0,788774
Sao Tome and Principe,2012.0,1645932
Sao Tome and Principe,2013.0,661893
Sao Tome and Principe,2014.0,991787
Saudi Arabia,2002.0,881152
Saudi Arabia,2003.0,170916
Saudi Arabia,2004.0,476816
Saudi Arabia,2005.0,3219391
Saudi Arabia,2006.0,3670383
Saudi Arabia,2007.0,1523905
Saudi Arabia,2008.0,974158
Saudi Arabia,2009.0,849987
Saudi Arabia,2010.0,1139674
Saudi Arabia,2011.0,3574084
Saudi Arabia,2012.0,2121563
Saudi Arabia,2013.0,1582524
Saudi Arabia,2014.0,758079
Senegal,2000.0,52901929
Senegal,2001.0,104213538
Senegal,2002.0,113282329
Senegal,2003.0,140996977
Senegal,2004.0,142229770
Senegal,2005.0,128481075
Senegal,2006.0,126966696
Senegal,2007.0,135840104
Senegal,2008.0,181822721
Senegal,2009.0,211477558
Senegal,2010.0,893894762
Senegal,2011.0,315928940
Senegal,2012.0,333633193
Senegal,2013.0,355956214
Senegal,2014.0,418408353
Seychelles,2000.0,381787
Seychelles,2001.0,220660
Seychelles,2002.0,191248
Seychelles,2003.0,216084
Seychelles,2004.0,306757
Seychelles,2005.0,11072516
Seychelles,2006.0,1146712
Seychelles,2007.0,863973
Seychelles,2008.0,287865
Seychelles,2009.0,481975
Seychelles,2010.0,313217
Seychelles,2011.0,1862250
Seychelles,2012.0,1095510
Seychelles,2013.0,1034030
Seychelles,2014.0,587422
Sierra Leone,2000.0,45641026
Sierra Leone,2001.0,146648402
Sierra Leone,2002.0,137201621
Sierra Leone,2003.0,140236790
Sierra Leone,2004.0,81769686
Sierra Leone,2005.0,61197080
Sierra Leone,2006.0,55968710
Sierra Leone,2007.0,46114203
Sierra Leone,2008.0,37854362
Sierra Leone,2009.0,59666605
Sierra Leone,2010.0,64869179
Sierra Leone,2011.0,72213959
Sierra Leone,2012.0,51205737
Sierra Leone,2013.0,42828742
Sierra Leone,2014.0,56493330
Somalia,2000.0,19678026
Somalia,2001.0,53841179
Somalia,2002.0,83362337
Somalia,2003.0,86465674
Somalia,2004.0,84588969
Somalia,2005.0,104428450
Somalia,2006.0,226009939
Somalia,2007.0,269224900
Somalia,2008.0,606404774
Somalia,2009.0,968933519
Somalia,2010.0,290601241
Somalia,2011.0,508183723
Somalia,2012.0,906191435
Somalia,2013.0,958392735
Somalia,2014.0,745234920
South Africa,2000.0,80351143
South Africa,2001.0,201731880
South Africa,2002.0,311189676
South Africa,2003.0,263713814
South Africa,2004.0,317121679
South Africa,2005.0,359108345
South Africa,2006.0,437083006
South Africa,2007.0,721112592
South Africa,2008.0,806507095
South Africa,2009.0,1263185089
South Africa,2010.0,1189883589
South Africa,2011.0,1186607343
South Africa,2012.0,1194670904
South Africa,2013.0,1114556136
South Africa,2014.0,1142770191
South Sudan,2006.0,524286
South Sudan,2007.0,8927560
South Sudan,2008.0,9606470
South Sudan,2009.0,6223814
South Sudan,2010.0,87801903
South Sudan,2011.0,273934399
South Sudan,2012.0,1110052609
South Sudan,2013.0,1191912148
South Sudan,2014.0,1572802992
Southern Africa Region,2001.0,59874179
Southern Africa Region,2002.0,193999466
Southern Africa Region,2003.0,529554329
Southern Africa Region,2004.0,405371044
Southern Africa Region,2005.0,376202529
Southern Africa Region,2006.0,357130192
Southern Africa Region,2007.0,278672167
Southern Africa Region,2008.0,58356999
Southern Africa Region,2009.0,29401421
Southern Africa Region,2010.0,32022911
Southern Africa Region,2011.0,35888006
Southern Africa Region,2012.0,63438567
Southern Africa Region,2013.0,59125318
Southern Africa Region,2014.0,59918171
Sub-Saharan Africa Region,2000.0,690508277
Sub-Saharan Africa Region,2001.0,1250190743
Sub-Saharan Africa Region,2002.0,1221493657
Sub-Saharan Africa Region,2003.0,870294604
Sub-Saharan Africa Region,2004.0,1329947296
Sub-Saharan Africa Region,2005.0,1177359736
Sub-Saharan Africa Region,2006.0,1099476333
Sub-Saharan Africa Region,2007.0,1119691018
Sub-Saharan Africa Region,2008.0,973958683
Sub-Saharan Africa Region,2009.0,1150814307
Sub-Saharan Africa Region,2010.0,1294062809
Sub-Saharan Africa Region,2011.0,959611473
Sub-Saharan Africa Region,2012.0,1390812069
Sub-Saharan Africa Region,2013.0,1030727095
Sub-Saharan Africa Region,2014.0,1831954486
Sudan,2000.0,72160468
Sudan,2001.0,148619596
Sudan,2002.0,218193734
Sudan,2003.0,320981601
Sudan,2004.0,731612190
Sudan,2005.0,2391609995
Sudan,2006.0,2183974179
Sudan,2007.0,2478218233
Sudan,2008.0,2286796391
Sudan,2009.0,2500853608
Sudan,2010.0,1758972043
Sudan,2011.0,1596069888
Sudan,2012.0,1000949553
Sudan,2013.0,827214740
Sudan,2014.0,714730385
Syria,2001.0,42476
Syria,2002.0,67990
Syria,2003.0,120177
Syria,2004.0,119978
Syria,2005.0,887302
Syria,2006.0,4147254
Syria,2007.0,11771498
Syria,2008.0,74949669
Syria,2009.0,50144153
Syria,2010.0,35358790
Syria,2011.0,42929072
Syria,2012.0,249369677
Syria,2013.0,1420746821
Syria,2014.0,1681754539
Tanzania,2000.0,62860637
Tanzania,2001.0,192951313
Tanzania,2002.0,130450232
Tanzania,2003.0,212275643
Tanzania,2004.0,238332763
Tanzania,2005.0,277036729
Tanzania,2006.0,359938093
Tanzania,2007.0,458685231
Tanzania,2008.0,1421203944
Tanzania,2009.0,709316659
Tanzania,2010.0,963114232
Tanzania,2011.0,982046830
Tanzania,2012.0,1091444994
Tanzania,2013.0,1302272856
Tanzania,2014.0,1262828480
Togo,2000.0,2410916
Togo,2001.0,10612895
Togo,2002.0,11957224
Togo,2003.0,17102178
Togo,2004.0,10859199
Togo,2005.0,6250393
Togo,2006.0,7021512
Togo,2007.0,18203518
Togo,2008.0,7628444
Togo,2009.0,10436433
Togo,2010.0,9456756
Togo,2011.0,10533172
Togo,2012.0,9665089
Togo,2013.0,7235766
Togo,2014.0,7856459
Tunisia,2000.0,10105982
Tunisia,2001.0,23961012
Tunisia,2002.0,27708981
Tunisia,2003.0,17094795
Tunisia,2004.0,34258738
Tunisia,2005.0,31428816
Tunisia,2006.0,25860769
Tunisia,2007.0,26595733
Tunisia,2008.0,25168171
Tunisia,2009.0,35651919
Tunisia,2010.0,48759471
Tunisia,2011.0,113871548
Tunisia,2012.0,320595849
Tunisia,2013.0,166273953
Tunisia,2014.0,146902948
Turkey,2000.0,7737911
Turkey,2001.0,15172186
Turkey,2002.0,478412016
Turkey,2003.0,341521612
Turkey,2004.0,128572846
Turkey,2005.0,133090268
Turkey,2006.0,54512049
Turkey,2007.0,67650878
Turkey,2008.0,47888211
Turkey,2009.0,33278233
Turkey,2010.0,56019337
Turkey,2011.0,41658895
Turkey,2012.0,52493891
Turkey,2013.0,117219474
Turkey,2014.0,201420353
Uganda,2000.0,107753800
Uganda,2001.0,230454609
Uganda,2002.0,270174861
Uganda,2003.0,501804352
Uganda,2004.0,491423580
Uganda,2005.0,693048819
Uganda,2006.0,622493997
Uganda,2007.0,697489059
Uganda,2008.0,877825210
Uganda,2009.0,865812054
Uganda,2010.0,924686644
Uganda,2011.0,760348540
Uganda,2012.0,1013813417
Uganda,2013.0,1138914309
Uganda,2014.0,1132973653
United Arab Emirates,2002.0,1155834
United Arab Emirates,2004.0,140844
United Arab Emirates,2005.0,1952501
United Arab Emirates,2006.0,1988571
United Arab Emirates,2007.0,16114491
United Arab Emirates,2008.0,1631401
United Arab Emirates,2009.0,548886
United Arab Emirates,2010.0,2759203
United Arab Emirates,2011.0,5359484
United Arab Emirates,2012.0,496997
United Arab Emirates,2013.0,4288173
United Arab Emirates,2014.0,1509036
West Africa Region,2000.0,24109869
West Africa Region,2001.0,68155491
West Africa Region,2002.0,80525738
West Africa Region,2003.0,101457594
West Africa Region,2004.0,90821791
West Africa Region,2005.0,91977446
West Africa Region,2006.0,59795092
West Africa Region,2007.0,62598244
West Africa Region,2008.0,112495348
West Africa Region,2009.0,177006615
West Africa Region,2010.0,166533122
West Africa Region,2011.0,178073823
West Africa Region,2012.0,188311374
West Africa Region,2013.0,226243941
West Africa Region,2014.0,298167911
Western (Spanish) Sahara,2000.0,424208
Western (Spanish) Sahara,2001.0,1994742
Yemen,2000.0,80928966
Yemen,2001.0,59293178
Yemen,2002.0,59879105
Yemen,2003.0,100704186
Yemen,2004.0,171521812
Yemen,2005.0,75176364
Yemen,2006.0,106250753
Yemen,2007.0,83597777
Yemen,2008.0,75985211
Yemen,2009.0,68637828
Yemen,2010.0,205921928
Yemen,2011.0,262984045
Yemen,2012.0,472950361
Yemen,2013.0,599730046
Yemen,2014.0,515939213
Zambia,2000.0,50045454
Zambia,2001.0,110225849
Zambia,2002.0,156252926
Zambia,2003.0,170763180
Zambia,2004.0,167910562
Zambia,2005.0,333818955
Zambia,2006.0,378467535
Zambia,2007.0,427766324
Zambia,2008.0,519411660
Zambia,2009.0,498964704
Zambia,2010.0,581007812
Zambia,2011.0,550210027
Zambia,2012.0,729606966
Zambia,2013.0,704094092
Zambia,2014.0,1074320358
Zimbabwe,2000.0,29496279
Zimbabwe,2001.0,53030064
Zimbabwe,2002.0,132623450
Zimbabwe,2003.0,90528709
Zimbabwe,2004.0,83251524
Zimbabwe,2005.0,133323329
Zimbabwe,2006.0,77379016
Zimbabwe,2007.0,315337267
Zimbabwe,2008.0,419021695
Zimbabwe,2009.0,632856921
Zimbabwe,2010.0,439579054
Zimbabwe,2011.0,390786236
Zimbabwe,2012.0,367305998
Zimbabwe,2013.0,383910598
Zimbabwe,2014.0,379971351
